{
  "Benzeno":             {"A": 4.72583,  "B": 1660.652, "C": -1.461,   "Tb_C": 80.1,  "MW": 78.11},
  "Tolueno":             {"A": 4.14157,  "B": 1377.578, "C": -50.507,  "Tb_C": 110.6, "MW": 92.14},
  "o-Xileno":            {"A": 4.21930,  "B": 1486.115, "C": -57.000,  "Tb_C": 144.4, "MW": 106.17},
  "m-Xileno":            {"A": 4.20360,  "B": 1469.388, "C": -58.000,  "Tb_C": 139.1, "MW": 106.17},
  "p-Xileno":            {"A": 4.16390,  "B": 1444.928, "C": -58.000,  "Tb_C": 138.4, "MW": 106.17},
  "Etilbenzeno":         {"A": 4.16290,  "B": 1449.120, "C": -54.000,  "Tb_C": 136.2, "MW": 106.17},
  "Estireno":            {"A": 4.20630,  "B": 1528.514, "C": -62.000,  "Tb_C": 145.2, "MW": 104.15},
  "n-Pentano":           {"A": 4.10270,  "B": 1064.631, "C": -41.853,  "Tb_C": 36.1,  "MW": 72.15},
  "n-Hexano":            {"A": 4.00266,  "B": 1171.530, "C": -48.784,  "Tb_C": 68.7,  "MW": 86.18},
  "n-Heptano":           {"A": 4.02832,  "B": 1268.636, "C": -56.199,  "Tb_C": 98.4,  "MW": 100.20},
  "n-Octano":            {"A": 4.04867,  "B": 1355.126, "C": -63.633,  "Tb_C": 125.7, "MW": 114.23},
  "n-Nonano":            {"A": 4.06420,  "B": 1432.526, "C": -69.700,  "Tb_C": 150.8, "MW": 128.26},
  "Ciclohexano":         {"A": 4.12830,  "B": 1295.030, "C": -58.100,  "Tb_C": 80.7,  "MW": 84.16},
  "Metilciclohexano":    {"A": 4.03540,  "B": 1345.177, "C": -58.300,  "Tb_C": 100.9, "MW": 98.19},
  "Metanol":             {"A": 5.20277,  "B": 1581.341, "C": -33.500,  "Tb_C": 64.7,  "MW": 32.04},
  "Etanol":              {"A": 5.24671,  "B": 1598.673, "C": -46.424,  "Tb_C": 78.4,  "MW": 46.07},
  "n-Propanol":          {"A": 5.24944,  "B": 1667.465, "C": -44.700,  "Tb_C": 97.2,  "MW": 60.10},
  "i-Propanol":          {"A": 5.12530,  "B": 1480.919, "C": -50.953,  "Tb_C": 82.4,  "MW": 60.10},
  "n-Butanol":           {"A": 5.07758,  "B": 1566.023, "C": -58.355,  "Tb_C": 117.7, "MW": 74.12},
  "Acetona":             {"A": 4.42448,  "B": 1312.253, "C": -32.445,  "Tb_C": 56.1,  "MW": 58.08},
  "MEK (butanona)":      {"A": 4.37980,  "B": 1354.073, "C": -43.000,  "Tb_C": 79.6,  "MW": 72.11},
  "Acetato de etila":    {"A": 4.22809,  "B": 1245.702, "C": -55.189,  "Tb_C": 77.1,  "MW": 88.11},
  "Acetato de n-butila": {"A": 4.27790,  "B": 1375.285, "C": -64.300,  "Tb_C": 126.1, "MW": 116.16},
  "Água":                {"A": 5.11564,  "B": 1687.537, "C": -42.980,  "Tb_C": 100.0, "MW": 18.02},
  "Clorofórmio":         {"A": 4.20775,  "B": 1349.291, "C": -53.466,  "Tb_C": 61.2,  "MW": 119.38},
  "Diclorometano":       {"A": 4.20889,  "B": 1125.938, "C": -24.064,  "Tb_C": 39.8,  "MW": 84.93},
  "Acetonitrila":        {"A": 4.52500,  "B": 1432.380, "C": -42.613,  "Tb_C": 81.6,  "MW": 41.05},
  "Ácido acético":       {"A": 4.75080,  "B": 1522.540, "C": -45.764,  "Tb_C": 117.9, "MW": 60.05},
  "Dioxano":             {"A": 4.57096,  "B": 1429.810, "C": -39.630,  "Tb_C": 101.3, "MW": 88.11}
}
